Date,TTL
20130301,-0.038437415616530565
20130304,-1.380172263812888
20130305,3.474727653931167
20130306,-0.9484932657659448
20130307,0.4121325149916542
20130308,0.08812845902521516
20130311,2.1831762164299664
20130312,-1.2764192254991644
20130313,0.5704501955553491
20130314,0.33140817827086205
20130315,-0.02408342034579891
20130318,-1.727332432325956
20130319,5.732485372435594
20130320,-4.874544037621271
20130321,2.857505412900646
20130322,3.3063672651002927
20130325,0.18304883526368732
20130326,0.20684888834700627
20130328,1.3092855328568893
20130401,0.7823905780167573
20130402,-3.3676389717865405
20130403,-0.09349164704793725
20130404,0.7733888842187338
20130405,-1.3536161884996956
20130408,4.038231651869312
20130409,-7.0929314693004155
20130410,6.532484796245342
20130415,2.8725625271088693
20130416,-0.3479688226536951
20130417,0.963288723264738
20130418,0.8289912162971269
20130422,-7.586481481452198
20130423,2.5583129357026264
20130425,-1.320607984205403
20130426,1.725266833362951
20130429,0.36792848170651565
20130430,0.5291979296831818
20130503,-3.502280009702064
20130506,3.702385047530389
20130507,2.3181728743364856
20130508,-6.080129923357888
20130509,2.201935611374037
20130510,0.0018549972699595726
20130511,17.84587406558219
20130513,-16.67040566908012
20130515,6.0480816369315376
20130517,-9.503992127527187
20130520,0.11626930359570717
20130521,-2.0263271921639
20130522,-0.7401848060283112
20130523,-1.6759566372644707
20130524,2.5062704148795585
20130527,0.7630006541150454
20130528,-0.16580736843313998
20130530,-4.222601117904654
20130531,1.6293646679199731
20130603,-1.7722364340219046
20130604,2.7069478682138666
20130605,-0.16481028292013172
20130607,0.20744141873744884
20130610,-0.4612516254135248
20130611,-0.852145146625995
20130612,1.6953895602209337
20130613,2.492888810500977
20130614,-1.9710600132116962
20130617,0.5191951351079667
20130618,0.4324637735011342
20130619,-4.026952683398548
20130620,6.821364017790215
20130621,-0.5289591361859391
20130624,-3.8952061217791574
20130625,-0.051891196752444
20130626,0.29462688836496176
20130627,0.4260307426331485
20130628,0.7957808777298166
20130701,5.254440786859587
20130703,-4.135907474238187
20130704,4.748246244380354
20130705,-4.658312797758699
20130708,-0.07404148169834417
20130709,2.6195058864164897
20130710,-2.073978609153824
20130711,2.645002313326531
20130712,-1.7211637148971803
20130715,0.453051346292124
20130716,-4.776480464828175
20130717,0.9962440719371928
20130719,-0.08681347171741877
20130722,3.63700470849714
20130723,0.18862395493539086
20130724,1.4650312286646343
20130725,0.014422883791629482
20130726,1.8488168752443757
20130729,-2.795598352764953
20130730,-2.6944887771555166
20130731,-0.019798222963788248
20130801,1.2213695717012933
20130802,-2.4521447624353145
20130806,1.9130617498058435
20130807,-0.4549011713510719
20130808,0.6441013289604142
20130812,2.2055867463271093
20130813,-1.0747357516224425
20130814,-2.008599311580184
20130816,0.4942580901437046
20130819,-3.196600671392325
20130820,2.001270132145274
20130821,-3.2250484906858876
20130822,-9.409794925957863
20130823,8.784633914167548
20130826,6.085465683969815
20130827,-5.628544072493714
20130828,-0.08223021184799506
20130829,-4.065470234569971
20130902,2.2191278128741216
20130904,-1.4489681865970665
20130905,1.2777696938538732
20130906,5.044613878431459
20130910,-3.495709035584424
20130911,5.8632628690880075
20130912,-1.4754211065821465
20130913,0.1571561683929307
20130916,-0.503453217806623
20130917,5.4994325554360435
20130919,-4.335772775639494
20130920,0.015358701189948365
20130924,-4.838750422908931
20130925,0.0695900834403228
20130926,4.163322012509813
20130927,-1.582186099627923
20130930,1.9898955036847448
20131001,-1.5467978946718637
20131003,0.003695902334689305
20131004,-2.1530930348551447
20131007,2.5022216066760548
20131008,-1.8853772046994068
20131009,3.0874131567341223
20131010,0.6718434545797642
20131011,-0.3620431897786712
20131014,3.4742829934890653
20131015,-9.584059798489074
20131017,6.247425989503178
20131018,2.592476117267365
20131021,-0.3127646933911673
20131022,1.087947776706404
20131023,-1.3301921757416233
20131024,-1.2007647144463414
20131025,-8.650305033926276
20131028,2.7637550196348863
20131029,2.8989726560842515
20131030,1.2431464810472324
20131031,-4.816091698584941
20131101,2.4709681273355653
20131103,2.6589506939978804
20131105,-3.1846986156948036
20131106,0.52374051965424
20131107,0.29196614677818156
20131108,-0.2447115036785164
20131111,-0.5185401985105702
20131112,-0.11596857692191254
20131113,-0.36899624899430855
20131114,1.7193772024817926
20131118,-0.43338535588610083
20131119,0.3642363921005512
20131120,-0.399115667223114
20131121,-0.2215368540034421
20131122,-3.2584344128511527
20131125,0.813661763621987
20131126,-1.820023557532281
20131127,-0.28490106925422776
20131128,1.0870526062218369
20131129,-0.056240119658135766
20131202,0.4961927359974902
20131203,0.9531773931792638
20131204,0.33569776273348306
20131205,1.7307459500850755
20131206,-1.7134320135965346
20131209,2.3767752064856085
20131210,-2.598137698954153
20131211,-0.11910190266133952
20131212,-0.003232912120917933
20131213,-0.033321131743782095
20131216,3.74641567264625
20131217,-4.2327139130236775
20131218,0.6799191730939211
20131219,0.17171722797707906
20131220,-0.450134184648312
20131223,-1.9952955513474266
20131224,0.7273991034804406
20131226,-2.97157567428862
20131227,-0.03116287684647312
20131230,4.7987011284418255
20131231,8.196808782601087
20140102,-4.305490585101612
20140103,-1.8968495072113631
20140106,5.1250326575699665
20140107,2.241614661700902
20140108,1.2300619010870983
20140109,-3.9195086273015898
20140110,-1.589371128597639
20140113,4.237327951255954
20140114,-3.019567002331096
20140115,0.30259821016034993
20140116,-1.1749220459637608
20140117,-3.205278962150894
20140120,0.9335725779591384
20140121,0.8437796732612601
20140122,0.8416607460401628
20140123,2.009325819549861
20140124,-1.5074008899045572
20140127,-0.5908290241591629
20140128,1.2642979651515978
20140129,-0.877598726662949
20140130,5.774541579888157
20140131,3.965551364676277
20140203,2.4163584380784355
20140204,-6.6422518223207865
20140205,2.6711157347116803
20140206,2.3148782182763155
20140207,-1.0821841414859517
20140210,2.8560512120417307
20140211,-2.6719513680685094
20140212,0.6630840007210108
20140213,0.8128253334013795
20140214,-2.187492938080795
20140217,0.025879507391863982
20140218,2.116488591380522
20140219,-3.22066052249261
20140220,0.8176184280921874
20140221,0.9811699881965148
20140224,2.262311189462033
20140225,0.035321763155355734
20140226,1.614436254821348
20140228,-0.22008279954345178
20140303,2.4962581804622004
20140304,-2.932523566300716
20140305,1.6092704795636008
20140306,1.0605444487844358
20140307,-0.09499315502409744
20140310,-4.51252932322819
20140311,4.0763474198831755
20140312,-1.7118074533947847
20140313,-3.545718381853884
20140314,0.47265693730526626
20140318,1.1732459441699032
20140319,1.9748142826322388
20140320,0.3708119148611962
20140321,1.5422941946427418
20140322,0.09912215792706436
20140324,0.8694469583088236
20140325,1.9643176435083733
20140326,-1.1979373235254864
20140327,0.11649859989980815
20140328,-5.3926911953195695
20140331,-1.1845629508095383
20140401,5.193609436129398
20140402,1.1714506028234757
20140403,2.414245566849642
20140404,1.39286433886267
20140407,0.9629390340712715
20140409,1.2950507975710597
20140410,0.37489124041953165
20140411,-0.2186154887895544
20140415,1.082699027143232
20140416,-12.970830801697701
20140417,1.882644201034153
20140421,3.3998238945071524
20140422,-2.0746050826984543
20140423,-1.1081451729879803
20140425,3.7905596833984467
20140428,-2.7001955109409272
20140429,0.8656417020161218
20140430,-1.3061829762243997
20140502,-1.8120782622214693
20140505,0.7483988258202916
20140506,0.5431055130190636
20140507,-1.8536066460389744
20140508,3.44189511293707
20140509,-2.3685459352655407
20140512,3.65624878438497
20140513,-0.767896081274474
20140514,2.126403862182721
20140515,-0.4753359929696197
20140516,-0.07018826966155041
20140519,0.9927765385450913
20140520,-0.24260265135584902
20140521,3.5689089393963958
20140522,3.516910664583304
20140523,2.300979825049057
20140526,-2.2944542337268614
20140527,2.770883155685907
20140528,0.7991604307206048
20140529,-4.469611129749008
20140530,0.7668976988605656
20140602,1.692836998950175
20140603,-2.839175877916094
20140604,3.1339374475610615
20140605,0.585191642053819
20140606,2.118449527082353
20140609,-7.245152315944658
20140610,2.802121645729007
20140611,-1.8214848577924687
20140612,-1.108672846178704
20140613,2.7984533949962955
20140616,-0.16240519449781082
20140617,0.4684126379168052
20140618,-3.65340179838773
20140619,-3.3142204052786557
20140620,-4.501205242386267
20140623,1.9229250798667645
20140624,-7.217150317979914
20140625,1.3704004015165046
20140626,1.4676097732811626
20140627,-1.8136375784674044
20140630,4.51417786627014
20140701,0.4623197393585887
20140702,-16.592684091315988
20140703,4.31560381025979
20140704,1.9000171793695426
20140707,-2.1903725467005097
20140708,-1.0737598594721938
20140709,4.8223927426348485
20140710,-0.637577161552179
20140711,1.8030846074718605
20140714,0.21566877193700051
20140715,-1.61389963372624
20140716,1.9143892929321331
20140717,-2.7866548773802045
20140718,-1.8288399982953298
20140721,-7.725490566263488
20140722,3.100266891364029
20140723,0.218352222466064
20140724,0.7553696364247031
20140725,1.1934388537493796
20140728,4.34240368808369
20140730,-2.1326794638909683
20140731,0.8354235558650931
20140801,2.6808762674320725
20140804,1.1443241122404286
20140805,1.6795346029729639
20140806,-4.541955984833755
20140807,-4.311396227594783
20140808,2.06187830061757
20140811,-3.226486966443031
20140812,2.584241058504271
20140813,3.5164887234508937
20140814,4.772150658071448
20140818,-4.4549156035023625
20140819,-0.9035126002337308
20140820,1.9428435641206465
20140821,-1.904306783709847
20140822,0.7091682290395009
20140825,-2.82001441182358
20140826,1.6780840061245368
20140827,1.5793681773691224
20140828,3.170622855335053
20140901,2.6186816742600114
20140902,-3.703307333516577
20140903,3.2626804215106886
20140904,0.5690271247143329
20140905,1.8359630688812607
20140908,5.340715145305593
20140909,1.5428998562337886
20140910,-6.66882734353843
20140911,2.1061645460944063
20140912,-2.4158713972507124
20140915,-8.120899143214979
20140916,4.906736577346046
20140917,-1.8451125179270993
20140918,-1.33676250889607
20140919,5.846700181446807
20140922,-3.8382237922605933
20140923,-1.2990545442473407
20140924,-2.9100379278012385
20140925,-0.3834803329676979
20140926,-0.7421642567267073
20140929,-0.7806486292274237
20140930,-13.912601145914616
20141001,1.1588860578357862
20141007,1.6444361763501023
20141008,0.5330705559007283
20141009,1.5304622431488344
20141010,1.041162449196555
20141013,-12.627113374262498
20141014,-3.1889593502275306
20141016,-1.478151503607468
20141017,0.6818187548630597
20141020,-0.3357929379903888
20141021,-0.09890951055792391
20141022,3.601204171829188
20141023,-1.4744715952856697
20141027,2.406652626083271
20141028,-3.59511739115241
20141029,2.7544493522275806
20141030,0.5687820276589357
20141031,0.309534329782303
20141103,0.42813247895343354
20141105,-9.590949700634487
20141107,7.078245033954731
20141110,-2.4190449872723625
20141111,4.808230863634444
20141112,10.180731046452605
20141113,3.1276832292705157
20141114,0.8591431652519023
20141117,3.4127473889375506
20141118,-2.2903893779768922
20141119,-0.19949828838913375
20141120,1.5451443203092299
20141121,-1.5585004729779874
20141124,2.5774169813333327
20141125,1.6043249896288625
20141126,-1.6569905610275724
20141127,2.8618618298519074
20141128,1.9585550985410578
20141201,-4.390781003038615
20141202,0.5589840902877311
20141203,1.4097671021980878
20141204,2.291298348262732
20141205,-1.824938125387035
20141208,-2.2458342153469277
20141209,3.3602875740622427
20141210,-0.3933315891898197
20141211,-1.6437723817104066
20141212,2.4262548266557014
20141215,2.450614332518373
20141216,1.7364808183339058
20141217,0.2546676838745523
20141218,1.833665251656463
20141219,0.5435247143947788
20141222,1.6589996566261074
20141223,3.5353544072204284
20141224,-2.735861701193599
20141226,-6.4729495330538835
20141229,0.3244985828789674
20141230,-1.5928640602390631
20141231,-1.9015279773616125
20150102,3.8888263132595915
20150105,-0.7002174555324516
20150106,1.9591019425287346
20150107,-0.13625436359777343
20150108,-3.483393615990045
20150109,1.9084282923796692
20150112,0.49696711638391433
20150113,-0.46304501943651755
20150114,-0.44558873322605624
20150115,-1.7769791259723051
20150116,-4.339841213840036
20150119,-5.8560417913148965
20150120,2.489024859477574
20150121,-4.288451654095966
20150122,-3.3776745016589302
20150123,2.2603933129126625
20150127,2.9048977737001245
20150128,4.305707483964508
20150129,0.5760500197180116
20150130,2.474883940491538
20150202,-1.6694172598063506
20150203,1.3558808196217667
20150204,0.9092048068371734
20150205,0.5499453965580309
20150206,0.2349413106550493
20150209,-4.496299632343114
20150210,3.7576930590800095
20150211,-0.054722161277487746
20150212,1.9415031671595515
20150213,1.3587711654558952
20150216,0.3559944301235521
20150218,2.3634173226699313
20150219,2.0255549358661837
20150220,-0.24901331629193413
20150223,-0.8245222803394406
20150224,1.5151907168874463
20150225,0.6337191060978866
20150226,-1.2275626277173726
20150227,-2.4857237232191567
20150228,1.8450350376587554
20150302,0.7489730309938911
20150303,0.721605243988063
20150304,0.668266568625663
20150305,1.112744927316698
20150309,-0.521953548346568
20150310,0.6407786229526286
20150311,0.120794065762858
20150312,-7.729644826789961
20150313,0.25301648646923725
20150316,-1.5981292715641657
20150317,2.629656563491585
20150318,0.3410944679556112
20150319,0.39146341820589625
20150320,-8.33490343988069
20150323,1.129775409499025
20150324,2.443363961974764
20150325,0.04543224582283967
20150326,-1.6915807533260692
20150327,0.9206637722056278
20150330,0.821556048497428
20150331,2.7864325610815013
20150401,-5.078034393780779
20150406,-2.0345008576363535
20150407,-8.07439487470055
20150408,3.4827432416277815
20150409,-0.13938710510981295
20150410,0.5790287073870326
20150413,-9.886787562644294
20150415,-0.924655305925413
20150416,-2.056886462195277
20150417,-2.8896572914721146
20150420,-1.8727956077192067
20150421,3.0609447541548005
20150422,0.8306798030111842
20150423,-1.7286365499132885
20150424,-0.25529880641350644
20150427,1.367377381222568
20150428,0.9896614423373682
20150429,2.82814745026794
20150430,-1.1403442183455148
20150504,-5.489630747254015
20150505,3.101065998748083
20150506,1.638944826581624
20150507,-1.1894880487105624
20150508,-0.4050802428720477
20150511,-0.8925387816884183
20150512,1.1420472428784647
20150513,-1.5577208680229504
20150514,9.923433515956205
20150515,2.882830175726677
20150518,0.16490545245401522
20150519,-0.5292005227453578
20150520,1.041835995614012
20150521,1.259418558118421
20150522,-0.14184812487975007
20150525,-4.414407951168271
20150526,1.5820847753252523
20150527,2.8319890597668724
20150528,1.7032999744807453
20150529,-5.850440638849518
20150601,-5.185400170385746
20150602,4.005207030165853
20150603,1.525719428822014
20150604,-0.5906829882146083
20150605,0.3623297066096968
20150608,0.4529791075274785
20150609,-0.1359519341755101
20150610,1.003522517308525
20150611,0.2652726249130941
20150612,-1.1647389680976465
20150615,-9.2757028741845
20150616,-0.8630066547947186
20150617,1.0971224161858848
20150618,0.4052550333038619
20150619,2.278153753190316
20150622,5.863845518155694
20150623,0.09091682975154436
20150624,-1.8251239579920762
20150625,1.1152640419187239
20150626,3.797203505923431
20150629,-0.06865441183478893
20150630,-1.0796512778940852
20150701,-1.7981457560155842
20150702,1.2143510182730628
20150703,-0.3655247100015076
20150706,0.05282454889132704
20150707,-6.948815630641151
20150708,-5.783636089281105
20150709,2.377125645136911
20150710,2.9796210434760044
20150713,-4.203826661573097
20150714,2.687873061955928
20150715,-3.2308871334288045
20150716,7.246918379661452
20150717,2.0280460523915087
20150720,2.792971542247402
20150721,0.6238502587070434
20150722,-1.3232420010530253
20150723,0.9546686068440295
20150724,-1.3943257707766463
20150727,2.070076564863072
20150728,-1.8888250947727494
20150729,2.6940412462081325
20150730,1.3528388926488308
20150731,-0.2852755100042512
20150803,0.7757665161582563
20150804,3.572787542950796
20150805,-5.319344140003498
20150806,-8.042071129479565
20150807,0.029907627041887878
20150810,0.02408632798133231
20150811,2.619281363074441
20150812,0.1680451866872965
20150813,0.5063996445836871
20150814,-0.5529169580915134
20150817,2.324354371484008
20150818,-4.7285926866971835
20150819,4.628560660128147
20150820,-2.113750128032116
20150821,1.1021573281702146
20150824,4.148152423708028
20150825,-0.8052513568721199
20150826,0.9685986287532244
20150827,-0.4588224969156234
20150828,0.7199329452105078
20150831,0.4611388661062493
20150901,0.08905948697944144
20150902,1.8920260846902632
20150903,-0.08887668882452426
20150904,0.32890273722604224
20150907,0.35918525568092186
20150908,0.9638276193387596
20150909,0.5594092254624432
20150910,-2.058278753229952
20150911,-0.8686896739901742
20150914,-0.353447069311025
20150915,-1.577299989860962
20150916,2.3496271958842367
20150918,-0.08968031880380067
20150921,-7.138220058454772
20150922,4.4435411132947715
20150923,0.3254406133646075
20150924,2.0420717221260083
20150928,3.2955120316937223
20150929,-1.507167027958234
20150930,1.3339872733992446
20151001,0.7214852868811472
20151005,-0.011246757207411973
20151006,-0.7822240769956215
20151007,-2.2348201018891785
20151008,-1.6585764931114877
20151009,0.9881880575423923
20151012,0.07352751777953881
20151013,2.005099486281235
20151014,-0.6296449339980408
20151015,-6.979345896359763
20151016,1.290133689823513
20151019,4.039342328930137
20151020,2.753005546856351
20151021,-1.6360727417091538
20151023,0.020158393553751486
20151026,1.8555342745166796
20151027,0.19222002172566466
20151028,-0.22322400863210243
20151029,2.1928298996262834
20151030,1.2261047505411937
20151102,3.3910785890187194
20151103,-0.9483043175195924
20151104,1.488677887379612
20151105,-0.6745316970789765
20151106,-3.401998323500261
20151109,1.2394583013877298
20151110,1.6913921436190957
20151111,0.22652779374036602
20151113,1.748778437046662
20151116,-0.6344442640127199
20151117,-0.5333370907724482
20151118,-0.8949031269506897
20151119,-2.3045098588886064
20151120,2.9961487574670875
20151123,-0.14446248787828997
20151124,-1.4083442658974439
20151126,-11.423686132859018
20151127,2.334761361930216
20151130,0.1561495601526557
20151201,1.907001819291727
20151202,1.0479191909546988
20151203,-5.976417412819617
20151204,2.6847127152286534
20151207,3.1063766603657834
20151208,1.157402460523946
20151209,-0.6438391670588244
20151210,1.4358161144944246
20151211,-1.1363656878539232
20151214,0.37211413491494627
20151215,0.5382581956393636
20151216,-1.6031131766487179
20151217,1.4769942658544268
20151218,0.3365685004229812
20151221,0.6796509041640106
20151222,-0.8037656186053161
20151223,-0.07490263743118475
20151224,0.545760120032086
20151228,0.738799183420199
20151229,-0.6898057759350327
20151230,1.567755888018068
20151231,-0.4111744304758467
20160104,0.620610823549883
20160105,3.1210589472927115
20160106,-0.2879956740942943
20160107,0.3711929926545663
20160108,2.07825346182266
20160111,-0.040080493492907876
20160112,0.9817960256503454
20160113,-0.34454008181694107
20160114,-0.7096886506123362
20160115,-0.6370837476919013
20160118,0.47494722531071076
20160119,1.6948107436777218
20160120,5.817155973160688
20160121,-1.1591011394953608
20160122,-2.816600364038962
20160125,-1.6309525540560028
20160127,-2.7862544266815856
20160128,-0.7215607623588282
20160129,0.2990234655232862
20160201,-1.1574793379440926
20160202,1.0113532180545408
20160203,0.891777195872002
20160204,1.691046106604293
20160205,-0.5166350148923016
20160208,4.720617477018057
20160209,2.223525258305256
20160210,-2.7358554088822338
20160211,0.4388455721569908
20160212,0.46288458487714657
20160215,-5.363216846833356
20160216,2.263300730208968
20160217,3.073095039500472
20160218,-2.647088694415231
20160219,-2.475395148996459
20160222,1.8031445274421425
20160223,-2.294155641160513
20160224,-4.849078108791379
20160225,-0.7463633088416075
20160226,-0.3676047220157674
20160229,0.31374432349083625
20160301,-1.0394335123193756
20160302,2.829831608779585
20160303,0.7401645267590756
20160304,1.7891261732284711
20160308,0.9142153612358341
20160309,-5.953409820839402
20160310,1.0952460424775072
20160311,1.1163931671631213
20160314,-0.9627544582978356
20160315,1.1996087240779598
20160316,-7.0882300644532705
20160317,2.9605353138306967
20160318,0.9739114820649031
20160321,-1.9829167935842258
20160322,2.220834391663555
20160323,4.031981359590311
20160328,1.1104216908575113
20160329,0.9192863509520317
20160330,-1.823698974710461
20160331,0.1306448012917301
20160401,-2.3395528817240714
20160404,-2.44894703348397
20160405,0.4236789305439759
20160406,2.8714719006444405
20160407,-0.30054155742166055
20160408,0.260190305472737
20160411,-3.0596356371289177
20160412,-1.5650376510859245
20160413,-0.8195002077327304
20160418,3.591751123936322
20160420,-2.6431959389298956
20160421,-1.0659406248201073
20160422,2.4992796379971978
20160425,2.714059372696977
20160426,-0.8459037698196029
20160427,0.47950162392040685
20160428,-1.4510201687732214
20160429,2.1039202430314283
20160502,0.5418573383896008
20160503,-1.2578142625302675
20160504,2.203264594455601
20160505,-2.3081130466258957
20160506,-0.5965094011518216
20160509,-2.09685564148692
20160510,2.0772898013669563
20160511,2.427817187028411
20160512,7.317837201609654
20160513,1.615465707040042
20160516,0.9271676707482372
20160517,-0.031642086445572315
20160518,0.22641639226730023
20160519,-0.2952256018163848
20160520,-0.9115224387393689
20160523,-0.006006996473527204
20160524,1.7268349375009318
20160525,3.718922705581251
20160526,-0.32286724481394924
20160527,-1.475094322135455
20160530,1.2689155058410844
20160531,-0.2882716978876765
20160601,0.6334037701892375
20160602,0.17351265521449308
20160603,2.727123576612081
20160606,-0.10133959949181937
20160607,0.6506235520581684
20160608,0.4858667720500708
20160609,-1.037474432629496
20160610,0.42402795255602055
20160613,1.0239328292882897
20160614,-0.574778431115909
20160615,1.0117023310619426
20160616,-5.839710342968261
20160617,0.9842271097148995
20160620,3.0043697960868028
20160621,-1.5154220297731844
20160622,-5.36035670361537
20160623,2.3660877407044443
20160624,1.218521522688016
20160627,0.07802236204482416
20160628,-1.9354054033540282
20160629,2.859132403707423
20160630,2.833761132500314
20160701,0.7526449705046785
20160704,-0.39078012948785057
20160705,1.7268850289914446
20160707,-0.1816644331259748
20160708,1.8757978326117026
20160711,0.6896834855398362
20160712,-0.9109560512147984
20160713,-0.2648006983506239
20160714,1.3448290615854521
20160715,-7.193545089807511
20160718,-0.13902732350112568
20160719,-4.34315572421793
20160720,1.2653382525083776
20160721,-0.10752874841320464
20160722,1.4272904264726645
20160725,0.9408793001885165
20160726,2.2832661448215044
20160727,0.16481295804637658
20160728,3.4976164968844667
20160729,0.9644737090002219
20160801,0.9884822100181889
20160802,-2.4268763742202037
20160803,-0.5502795554811002
20160804,2.6786938899851336
20160805,1.8165519532109113
20160808,1.2893504615906197
20160809,0.8801204453358205
20160810,-0.6821585945302983
20160811,1.2844859645149491
20160812,0.7187113585721752
20160816,-0.8036454754299023
20160817,0.14311120995310078
20160818,0.8610191915825045
20160819,1.300772314976383
20160822,1.5730727651451848
20160823,-0.22423064603501408
20160824,1.3553988111724906
20160825,-0.4573258518761514
20160826,0.4932670506545842
20160829,-0.06181301060247468
20160830,1.2329838618985123
20160831,1.5277911541115594
20160901,0.8698894534265883
20160902,-0.5551823773993853
20160906,0.30565591065790876
20160907,1.758632520886332
20160908,-0.10604465560096732
20160909,-1.8928419812820025
20160912,-1.1004059222342304
20160914,0.6961563632833715
20160915,-5.479305672433741
20160916,-1.7005259098555914
20160919,3.102263037827755
20160920,-0.6699866208452246
20160921,0.6169223941102036
20160922,1.249018236469188
20160923,-1.5650066024063243
20160926,0.6251405612792371
20160927,0.4134535606151571
20160928,2.898485436900097
20160929,0.06058250892314021
20160930,-1.655188439398139
20161003,1.2893144495630462
20161004,2.746281177192154
20161005,1.338702405733362
20161006,-0.05188863630579707
20161007,-0.6697270951037723
20161010,-1.1520632727068636
20161013,1.057473261809856
20161014,1.4781688307589036
20161017,-0.22983188629343781
20161018,-4.113072195692845
20161019,1.2522804063873223
20161020,-1.9370148518005101
20161021,1.6827825329407051
20161024,-0.04208290659355285
20161025,-6.716415192355915
20161026,-2.842167876894785
20161027,1.1582914566259745
20161028,-2.439129205637961
20161030,2.1412447821567886
20161101,0.9922417154219749
20161102,0.9989334457027597
20161103,-5.369038790933284
20161104,2.2440419292284313
20161107,0.7973152349376149
20161108,-0.8358388250562473
20161109,1.0445771842796923
20161110,1.008607681368068
20161111,3.8178073835193342
20161115,2.996344037226443
20161116,1.629866568370132
20161117,-1.748185015691165
20161118,-1.2153904397621498
20161121,-0.8797236148636909
20161122,4.230341493808709
20161123,2.709558968435309
20161124,-0.20292413581165292
20161125,-1.409544594215315
20161128,1.299743697439339
20161129,-4.433586384821176
20161130,2.1316234056807772
20161201,-2.0765549603474787
20161202,-2.2366586526890444
20161205,0.6753022655924551
20161206,0.4073957652981871
20161207,-0.8667741885248421
20161208,-4.153606217995087
20161209,0.5372391823364875
20161212,-0.1067030301092699
20161213,-3.0539742508632246
20161214,0.8860701513078759
20161215,2.5218988127742703
20161216,2.054413813079007
20161219,1.8306962457018308
20161220,-0.9197777337883342
20161221,0.3408381068484223
20161222,-0.02127924861320496
20161223,-2.2572394932062583
20161226,-1.7123331796799672
20161227,2.1557451989684253
20161228,0.9608205980948461
20161229,-1.703316015340897
20161230,2.243122329846347
20170103,-0.4805143837603103
20170104,-3.0779401893716067
20170105,2.2020327111935454
20170106,1.9381995619464263
20170109,-5.756357147839115
20170110,-1.846638434391843
20170111,4.528291104392874
20170112,1.5210056190087071
20170113,1.4123971115853806
20170116,0.3799869673057097
20170117,1.5055929921341464
20170118,0.19708078314924743
20170119,1.6388754446413702
20170120,-0.23535269818226645
20170123,-1.5565001033805481
20170124,2.5617246553375153
20170125,-1.2748824644265326
20170127,1.0937179140645101
20170130,-7.323846916690907
20170131,2.8767446687156952
20170201,-3.7802737859043822
20170202,-3.424675790176105
20170203,3.2958876732115754
20170206,-1.4804227283530103
20170207,1.7041226087590926
20170208,1.41103772129243
20170209,2.1988867427578875
20170210,0.631713999598907
20170213,-2.98599616983391
20170214,-3.6389775363333903
20170215,2.453727976999911
20170216,-0.03550683166168023
20170217,1.3625231191454619
20170220,3.011634228214172
20170221,0.6837157758853339
20170222,-7.6372705508865
20170223,-0.3837973683851047
20170227,-1.3260567341871843
20170228,2.2476257395865518
20170301,-1.7146715113991573
20170302,0.9810532488462831
20170303,-2.1137025046631965
20170306,-3.5607559763163286
20170307,0.9245074051266269
20170308,2.237643163463508
20170309,-0.17515154108607361
20170310,-1.6444377821828442
20170314,-2.349618319046317
20170315,-0.06274854661132678
20170316,0.9827716586180746
20170317,2.487606732827859
20170320,1.0705179457548133
20170321,2.4601771885038386
20170322,-0.45176839817072006
20170323,0.08878366330256537
20170324,1.0325085008425008
20170327,2.634807898986231
20170328,0.8506672978419563
20170329,1.1708080820264144
20170330,-1.6226350994804517
20170331,1.293458033409232
20170403,-0.5958487618991015
20170405,1.0973380604256702
20170406,1.4265814725212163
20170407,-8.139754888857352
20170410,-0.5703138282440023
20170411,-4.396049556163634
20170412,-7.860044093444089
20170413,1.468522578087634
20170417,3.5262843991010553
20170418,0.8505969704300547
20170419,-5.299177694839109
20170420,3.0820548648381667
20170421,0.5510622702855332
20170424,0.731566512201146
20170425,-3.504958041716473
20170426,2.854116368679295
20170427,1.6666091749112375
20170428,2.3801770625620047
20170502,2.0681146159796313
20170503,-2.028641504377981
20170504,-1.9079821088266997
20170505,2.003975963949206
20170508,1.4631745427815643
20170509,1.551819901369651
20170510,-0.21588331800101518
20170511,1.576167099378782
20170512,-1.174417526806955
20170515,-3.545752721350318
20170516,0.6197961340687287
20170517,-0.4659149626254922
20170518,0.5681381593355632
20170519,0.8483882679557813
20170522,0.390532497093109
20170523,2.14896820459889
20170524,1.2767234626871002
20170525,-1.7706080737365832
20170526,-0.3637929638484785
20170529,1.2356110462659453
20170530,-4.900827245240313
20170531,2.6244001470314653
20170601,0.5912402738123053
20170602,-2.3213374702504432
20170605,0.3644864228647269
20170606,-13.767328780750226
20170607,-2.019890892692872
20170608,2.913121715160978
20170609,0.2630600925852587
20170612,0.00613661767268231
20170613,0.1394465574323216
20170614,-18.898841998759394
20170615,-7.268302427510749
20170616,0.4397686356126888
20170619,-12.60525448954679
20170620,9.974089461545834
20170621,-7.30031646438939
20170823,25.317766713144593
20170824,-3.236876645438234
20170828,-1.7589424229543886
20170829,3.6598060563759303
20170830,-0.2055720612620422
20170831,1.4735845828699312
20170901,1.779984737206505
20170904,3.106753373846085
20170905,1.3109063147889417
20170906,-4.66305075405929
20170907,0.7132172907851952
20170908,3.875914562440603
20170911,5.69257977917811
20170912,5.596023485244418
20170913,-1.2019942295037898
20170914,0.8584117504626203
20170915,0.9344334621261057
20170918,1.6336229693544206
20170919,1.4919652008403785
20170920,-0.7835990048794255
20170921,2.324487596960829
20170922,0.4289632165778774
20170925,-3.5692868905933106
20170926,-0.17279354165372363
20170927,-0.1773187696882652
20170928,-0.8289414721026314
20170929,-3.610982607361834
20171003,-0.6178133531623781
20171004,2.4210243245297196
20171005,2.632733409537552
20171006,-2.8904031098819556
20171009,2.3518025339286353
20171010,0.22045275730799319
20171011,0.1771472489578998
20171012,2.090836891821844
20171013,1.0134390312825818
20171016,0.13634226992690368
20171017,-0.4489121354117129
20171018,-0.6350314203717574
20171019,-0.514055983405197
20171023,1.6997833375469837
20171024,0.5799082456687423
20171025,4.6769170290748665
20171026,0.9401767585833904
20171027,1.3689294669365717
20171030,0.7553324498443276
20171031,0.6439626394569995
20171101,-0.47837670749797834
20171102,-2.3228631265325923
20171103,-0.31956183619088874
20171106,-0.007655105841740707
20171107,0.6186943451322486
20171108,-0.7678998071404549
20171109,-3.1225300390099497
20171110,1.5915459836106192
20171113,1.7475124523649086
20171114,0.4685493783809248
20171115,0.734594447827142
20171116,0.7285066340242584
20171117,0.2533094704235863
20171120,1.168079206342263
20171121,3.3557150086179317
20171122,-0.2962366106614963
20171123,-9.136148670340587
20171124,-0.8376507120274632
20171127,3.207872267882566
20171128,2.9480147165220094
20171129,-0.8367856559207848
20171130,-0.17940490227864314
20171201,-5.741843854003657
20171204,-10.101169067156205
20171205,3.4343132069964493
20171206,3.7567250418770346
20171207,-18.342163486909527
20171208,7.762128462545769
20171211,-0.45203427620126935
20171212,-1.0721071656858687
20171213,1.8147832374573998
20171214,1.8687959917316501
20171215,-13.978631332885893
20171218,-3.3264317314046647
20171219,-4.455764673342188
20171220,0.9624200346581668
20171221,0.6870132038378204
20171222,-0.30536551861383854
20171226,2.773773663872052
20171227,2.0625308589449602
20171228,2.8257848273148056
20171229,-9.067273082551464
